image_id,filename,latitude,longitude,computed_latitude,computed_longitude,compass_angle,captured_at
1011416655281711,1011416655281711.jpg,23.7288515,90.4166204,23.728865200251,90.416612972921,0,1789280463308
1648438610035262,1648438610035262.jpg,23.728727,90.4167465,23.728708887728,90.416777739573,0,1789280480288
4055243531450339,4055243531450339.jpg,23.7279847,90.415717,23.72801251153,90.415717546034,0,1789280268297
1060714140281120,1060714140281120.jpg,23.7277747,90.4171211,23.727733697946,90.417089609201,0,1789280086249
945559457988882,945559457988882.jpg,23.7292492,90.4158194,23.72913895637,90.415813775847,0,1789280374341
1811566356666591,1811566356666591.jpg,23.728005,90.4161405,23.728005001928,90.416140500048,0,1789280204291
1124514246928722,1124514246928722.jpg,23.7280284,90.4162061,23.728028401492,90.416206100128,0,1789280198276
937420509434203,937420509434203.jpg,23.7287527,90.4156044,23.728752700401,90.415604399965,0,1789280342286
1049148171352194,1049148171352194.jpg,23.728134,90.4166455,23.72812186316,90.416629532175,0,1789280160312
2125896322142640,2125896322142640.jpg,23.7292021,90.4158287,23.72911466582,90.415801765467,0,1789280372268
1590183945918737,1590183945918737.jpg,23.7287171,90.4156003,23.728768643579,90.415607397166,0,1789280339279
1077469235197150,1077469235197150.jpg,23.7278605,90.4160077,23.72786050298,90.416007699312,0,1789280225283
1380223130460104,1380223130460104.jpg,23.7280978,90.4164372,23.728129198374,90.416458410161,0,1789280177290
2265574230909143,2265574230909143.jpg,23.7286258,90.415593,23.72866692555,90.415613476208,0,1789280330259
1749310283064567,1749310283064567.jpg,23.7289478,90.4157205,23.728996891983,90.415727475502,0,1789280361240
1437614318230172,1437614318230172.jpg,23.7293149,90.4158826,23.729164152133,90.415948142799,0,1789280389314
2885100041849921,2885100041849921.jpg,23.728037,90.4162384,23.728037001299,90.416238400149,0,1789280195270
1713133956411836,1713133956411836.jpg,23.7281373,90.4156734,23.728167619341,90.4156890617,0,1789280284339
1477523954165837,1477523954165837.jpg,23.7279654,90.4160961,23.727965402254,90.416096099874,0,1789280213310
1089369930204909,1089369930204909.jpg,23.7280896,90.4169331,23.728059728982,90.416900587074,0,1789280118299
27944479388584861,27944479388584861.jpg,23.7287368,90.417174,23.728756019135,90.417161373989,0,1789280529248
1787737462574072,1787737462574072.jpg,23.7293274,90.4158668,23.729204829621,90.415850385293,0,1789280380252
3721488974674367,3721488974674367.jpg,23.7286759,90.4169463,23.72867590003,90.416946300033,0,1789280496299
1400303565542189,1400303565542189.jpg,23.7277247,90.4172054,23.727724701741,90.417205401063,0,1789280056169
1479042354039154,1479042354039154.jpg,23.7286737,90.4169122,23.728729088549,90.416882246555,0,1789280492318
907426575496157,907426575496157.jpg,23.7279544,90.4157356,23.727972262103,90.415738465645,0,1789280263315
1584134216779393,1584134216779393.jpg,23.728367,90.4156523,23.728351259796,90.41566160995,0,1789280301349
1667275688154097,1667275688154097.jpg,23.7288924,90.4162191,23.728959690758,90.416300216603,0,1789280418323
1622576642875816,1622576642875816.jpg,23.7287891,90.4156113,23.728836015535,90.41562439011,0,1789280345232
2279874712836866,2279874712836866.jpg,23.7287082,90.4167758,23.728712174897,90.416795298724,0,1789280482323
1017526754727805,1017526754727805.jpg,23.7283944,90.4156536,23.728370572296,90.415654218654,0,1789280303254
1534859945354554,1534859945354554.jpg,23.7291183,90.416143,23.729105876054,90.416106978749,0,1789280401275
2193837211557407,2193837211557407.jpg,23.7288564,90.4162688,23.728944543576,90.416322407971,0,1789280420263
2197550500814611,2197550500814611.jpg,23.7281096,90.4156848,23.728144869829,90.415694406894,0,1789280282230
1045509678247695,1045509678247695.jpg,23.7286574,90.4170973,23.728658717015,90.417115956465,0,1789280521295
885841954460422,885841954460422.jpg,23.7280243,90.4157251,23.728024300106,90.415725099268,0,1789280271301
1807377380276893,1807377380276893.jpg,23.7280184,90.4169195,23.728000033613,90.41691503279,0,1789280114286
1020432561020286,1020432561020286.jpg,23.728667,90.4169765,23.728667000063,90.416976500055,0,1789280501242
1065742142865300,1065742142865300.jpg,23.7286305,90.4169962,23.72863050009,90.416996200098,0,1789280505316
1607830177505767,1607830177505767.jpg,23.7278149,90.4169885,23.727831007658,90.41703211635,0,1789280098244
2569780843520728,2569780843520728.jpg,23.7290781,90.4158165,23.72906099583,90.415769505052,0,1789280367253
966359659817865,966359659817865.jpg,23.7277663,90.4171545,23.727740995841,90.417105030218,0,1789280083273
1414707965048309,1414707965048309.jpg,23.72791,90.4160583,23.727910002552,90.4160582996,0,1789280219262
1347560213835486,1347560213835486.jpg,23.7284834,90.4156199,23.728498861576,90.415619350992,0,1789280315253
826492023856119,826492023856119.jpg,23.7285141,90.4156182,23.728544025388,90.415614507189,0,1789280319232
4171148669842228,4171148669842228.jpg,23.7281489,90.4165401,23.728123624336,90.416547447562,0,1789280168229
1470345381593053,1470345381593053.jpg,23.7292116,90.4160082,23.729147434496,90.416034300313,0,1789280395263
1611970180549143,1611970180549143.jpg,23.7288292,90.4166788,23.728868895197,90.416672222793,0,1789280468256
1763694764538910,1763694764538910.jpg,23.7289055,90.4156749,23.728934262082,90.415689686553,0,1789280355325
38437863922495372,38437863922495372.jpg,23.7290154,90.4157795,23.729028419414,90.415749869628,0,1789280364279
1576773840856097,1576773840856097.jpg,23.7278801,90.4160341,23.727880102752,90.416034099436,0,1789280222306
1504993134993659,1504993134993659.jpg,23.7281501,90.4167369,23.728121769203,90.416719775529,0,1789280151287
1637229724716149,1637229724716149.jpg,23.7290693,90.4162425,23.729070853923,90.416154226291,0,1789280405315
1375478317981608,1375478317981608.jpg,23.7289944,90.41576,23.729017341603,90.415743538532,0,1789280363276
935285046316301,935285046316301.jpg,23.728067,90.4163758,23.72813509335,90.41640325897,0,1789280183273
1016256651431279,1016256651431279.jpg,23.7280587,90.4169254,23.72802871077,90.416906105333,0,1789280116292
1755666685710266,1755666685710266.jpg,23.7289244,90.4162206,23.728967530563,90.416287882152,0,1789280417288
1868981314065864,1868981314065864.jpg,23.7287607,90.4167315,23.728704866765,90.416750279114,0,1789280477278
1786681269005403,1786681269005403.jpg,23.727974,90.4169204,23.727980758152,90.416927057321,0,1789280112248
1043306478709896,1043306478709896.jpg,23.728818,90.4167113,23.728867340178,90.416708381361,0,1789280471296
1116334200968560,1116334200968560.jpg,23.7293003,90.4158421,23.729181606583,90.415837147907,0,1789280378285
1638127584333740,1638127584333740.jpg,23.7282675,90.4156391,23.728277811553,90.415667375297,0,1789280294229
3995824384055612,3995824384055612.jpg,23.7281435,90.4165033,23.728126028565,90.416516206031,0,1789280171237
3569940429830617,3569940429830617.jpg,23.7285736,90.4170715,23.728570875811,90.417077064781,0,1789280514273
1128625356252516,1128625356252516.jpg,23.7281245,90.4166774,23.728120738602,90.416657789684,0,1789280157269
1108923688279621,1108923688279621.jpg,23.7278625,90.416909,23.727911417151,90.4169615987,0,1789280107267
1767815707586745,1767815707586745.jpg,23.7281973,90.4156573,23.728210359673,90.415679663803,0,1789280288311
1660862588976412,1660862588976412.jpg,23.728656,90.4155791,23.728699985631,90.415611120892,0,1789280333294
1113315131127384,1113315131127384.jpg,23.7288141,90.4156286,23.728857497404,90.415638857614,0,1789280347267
1608264603985865,1608264603985865.jpg,23.7290224,90.4162595,23.729037541386,90.416200880508,0,1789280409299
1846068366825128,1846068366825128.jpg,23.727754,90.4172247,23.727690956838,90.417133690975,0,1789280076258
1820862395705391,1820862395705391.jpg,23.7282965,90.4156449,23.728300609868,90.415663616733,0,1789280296269
1732477781390346,1732477781390346.jpg,23.7281591,90.4168716,23.728159060119,90.416876343588,0,1789280127288
1484579516816419,1484579516816419.jpg,23.7285697,90.4156279,23.728610315521,90.415614238568,0,1789280325253
1077433668236119,1077433668236119.jpg,23.7290493,90.4162842,23.729055832099,90.416177954756,0,1789280407261
1873162067387065,1873162067387065.jpg,23.7288422,90.4163177,23.728837546596,90.416328627313,0,1789280422336
1532390955233123,1532390955233123.jpg,23.7290499,90.4158067,23.729050480431,90.415763543172,0,1789280366317
2168595857019988,2168595857019988.jpg,23.7288831,90.4164566,23.728854161946,90.416490434701,0,1789280449074
2142866376631778,2142866376631778.jpg,23.7277875,90.4170858,23.727809190718,90.417094072792,0,1789280089322
1583023959867733,1583023959867733.jpg,23.7284274,90.4156488,23.728404912736,90.415647510226,0,1789280306297
2288844311850994,2288844311850994.jpg,23.7280187,90.4161721,23.728018701711,90.416172100099,0,1789280201251
1391216755804393,1391216755804393.jpg,23.7289664,90.4162266,23.728984118993,90.416266592901,0,1789280415244
3197995173925561,3197995173925561.jpg,23.7281231,90.4169144,23.728086119178,90.416863200643,0,1789280121239
1404711365050549,1404711365050549.jpg,23.7291252,90.4158223,23.729083050844,90.41578254237,0,1789280369294
2256048675181808,2256048675181808.jpg,23.7283271,90.4156506,23.728322357351,90.415659356307,0,1789280298309
2099948803970560,2099948803970560.jpg,23.7286831,90.4171113,23.728682036932,90.417128167998,0,1789280523248
4553772188276382,4553772188276382.jpg,23.7286912,90.4155916,23.728734295633,90.415606709447,0,1789280336339
825806447261685,825806447261685.jpg,23.7288413,90.4156429,23.728877977073,90.415649626521,0,1789280349309
1112663228366657,1112663228366657.jpg,23.729276,90.4159393,23.729284782354,90.41592683624,0,1789280392288
1589166012688784,1589166012688784.jpg,23.7291509,90.4160965,23.729122389095,90.416084276399,0,1789280399239
987273064383457,987273064383457.jpg,23.7288217,90.4172088,23.728790830735,90.417180732509,0,1789280533259
1440733731302218,1440733731302218.jpg,23.7291797,90.4160503,23.729136256609,90.416061468206,0,1789280397301
1271247228460067,1271247228460067.jpg,23.7280619,90.4163427,23.728086706371,90.416344650964,0,1789280186313
1072386045550484,1072386045550484.jpg,23.72797,90.4157623,23.727970000054,90.415762299443,0,1789280258035
2151621438734963,2151621438734963.jpg,23.7285398,90.4156357,23.728577911083,90.415615685724,0,1789280322304
2215330602729456,2215330602729456.jpg,23.728679,90.4168785,23.728724201176,90.416855155549,0,1789280489243
1640368544112488,1640368544112488.jpg,23.7286063,90.4170147,23.728606300121,90.417014700139,0,1789280507255
1427609496183168,1427609496183168.jpg,23.7289266,90.4156982,23.728966959804,90.415706297982,0,1789280358298
1777636703361488,1777636703361488.jpg,23.7288847,90.4165292,23.728855968614,90.416527882456,0,1789280456325
1445612207488703,1445612207488703.jpg,23.7278076,90.4170198,23.727820164243,90.417050476059,0,1789280095303
2098316654090421,2098316654090421.jpg,23.7277578,90.4172582,23.727757802113,90.417258201027,0,1789280070274
1747866466431113,1747866466431113.jpg,23.728055,90.415714,23.728070731421,90.415709834578,0,1789280275280
1436112625086534,1436112625086534.jpg,23.7288787,90.4166014,23.728863827515,90.416586446741,0,1789280461308
2150546789203570,2150546789203570.jpg,23.7293424,90.4158924,23.72923682612,90.415876364201,0,1789280383333
38882779417979805,38882779417979805.jpg,23.7288717,90.4164151,23.728871702039,90.41641509957,0,1789280444325
1378586634387657,1378586634387657.jpg,23.7282349,90.4156434,23.728242582362,90.415674159678,0,1789280291256
1638044284562767,1638044284562767.jpg,23.7282184,90.4168224,23.728218400119,90.416822399767,0,1789280140257
989589584172000,989589584172000.jpg,23.7281979,90.4168,23.728197900083,90.416799999823,0,1789280144333
1131401182545012,1131401182545012.jpg,23.7278104,90.4169554,23.727841277198,90.417014202147,0,1789280101253
1064897089736058,1064897089736058.jpg,23.7281371,90.4166138,23.728121774854,90.416598586253,0,1789280163250
2162493317645634,2162493317645634.jpg,23.7286285,90.4170915,23.728634223871,90.417102871949,0,1789280519255
1548910177248036,1548910177248036.jpg,23.7287886,90.4167304,23.72870175417,90.416724327176,0,1789280474339
1082339621082471,1082339621082471.jpg,23.7290972,90.4161688,23.729097499057,90.416118421366,0,1789280402281
2060434531307843,2060434531307843.jpg,23.7288922,90.4165605,23.728858979562,90.416547597561,0,1789280458266
3280248302178479,3280248302178479.jpg,23.7281172,90.4164727,23.728126901973,90.416485850562,0,1789280174249
1096095209555643,1096095209555643.jpg,23.7289994,90.416208,23.729020849432,90.416222791156,0,1789280411235
2019863221987708,2019863221987708.jpg,23.7279908,90.4161135,23.727990802123,90.416113499989,0,1789280208339
959935286390710,959935286390710.jpg,23.7280821,90.4157013,23.728112751477,90.415701172446,0,1789280279320
3600889636754671,3600889636754671.jpg,23.7282138,90.4168515,23.728213800176,90.416851499723,0,1789280134276
1619046539698579,1619046539698579.jpg,23.7280816,90.4164055,23.728132212891,90.416431022459,0,1789280180234
1623190289260664,1623190289260664.jpg,23.7292934,90.4159144,23.729284617717,90.415926863187,0,1789280391253
1424445636295399,1424445636295399.jpg,23.7288722,90.4156572,23.728907473103,90.415669640558,0,1789280352283
1429241119083491,1429241119083491.jpg,23.7286865,90.4168445,23.728719283855,90.416830758209,0,1789280486300
1103539228907133,1103539228907133.jpg,23.7288815,90.4164876,23.728854763692,90.416500697168,0,1789280453247
1137042599381292,1137042599381292.jpg,23.7278042,90.4170589,23.727814584316,90.417070761207,0,1789280092263
1399988931459191,1399988931459191.jpg,23.7280479,90.4162727,23.728047901107,90.416272700172,0,1789280192328
2002040253793247,2002040253793247.jpg,23.7286921,90.4168087,23.728715543071,90.416812295021,0,1789280484262
2168807071179333,2168807071179333.jpg,23.7292835,90.4158135,23.729160093793,90.41582434415,0,1789280376279
2085505518999973,2085505518999973.jpg,23.7277409,90.4172338,23.727740901936,90.417233801054,0,1789280060276
1619789636461636,1619789636461636.jpg,23.7285797,90.417041,23.7285797,90.417041,0,1789280510330
2174214016849536,2174214016849536.jpg,23.728144,90.4165695,23.728120593798,90.416566307797,0,1789280166295
1431082915639303,1431082915639303.jpg,23.7287829,90.4171962,23.728774083293,90.41716995352,0,1789280531322
1735271384468154,1735271384468154.jpg,23.7290831,90.4161946,23.729088543398,90.416130100073,0,1789280403283
1851098525859382,1851098525859382.jpg,23.7277585,90.4171868,23.727745263291,90.417117502144,0,1789280080334
1837636840551741,1837636840551741.jpg,23.7288454,90.4172375,23.728845400835,90.41723749971,0,1789280536298
2198978431051194,2198978431051194.jpg,23.728865,90.4163795,23.728865001789,90.416379499624,0,1789280425310
1757330738941481,1757330738941481.jpg,23.7281683,90.4156655,23.728188978065,90.415686224373,0,1789280286276
1614587923379813,1614587923379813.jpg,23.7287132,90.4171352,23.728720779439,90.417142436034,0,1789280526307
1546921793364225,1546921793364225.jpg,23.7284566,90.4156372,23.728442544504,90.415632958463,0,1789280310275
2248409319066065,2248409319066065.jpg,23.7288321,90.416641,23.728866348901,90.416637740597,0,1789280465314
1079211648183235,1079211648183235.jpg,23.728979,90.4161778,23.729011596981,90.416234449705,0,1789280412275
1625354795717695,1625354795717695.jpg,23.7278998,90.4169098,23.727942145699,90.416954850561,0,1789280109306
1350968431423868,1350968431423868.jpg,23.7279355,90.4160715,23.727935502446,90.416071499728,0,1789280217260
1640993920980918,1640993920980918.jpg,23.7281848,90.4168587,23.728184800192,90.416858699749,0,1789280130329
1441904667794749,1441904667794749.jpg,23.7288453,90.4163484,23.728849956379,90.416337472156,0,1789280423271
1065151369577326,1065151369577326.jpg,23.7291731,90.4158295,23.729104026293,90.415795252595,0,1789280371231
1986288028619849,1986288028619849.jpg,23.7281723,90.4167698,23.728125878767,90.416749787068,0,1789280148277
905563169030587,905563169030587.jpg,23.7281368,90.4168885,23.728136839952,90.416883756305,0,1789280124244
896578833336209,896578833336209.jpg,23.7285999,90.4170852,23.728609119897,90.417091091117,0,1789280517315
27662083296802522,27662083296802522.jpg,23.7292336,90.4159813,23.729233600106,90.415981299549,0,1789280394326
28387196430913031,28387196430913031.jpg,23.7279269,90.4169171,23.727956574962,90.41695047235,0,1789280110309
1881485072815552,1881485072815552.jpg,23.728134,90.4167094,23.728121524101,90.416690980507,0,1789280154226
2207869606460189,2207869606460189.jpg,23.7280568,90.4163113,23.72805680091,90.416311300182,0,1789280189287
28706259762393774,28706259762393774.jpg,23.7278335,90.4169307,23.7278683576,90.41698317595,0,1789280104325
1342854264589797,1342854264589797.jpg,23.7286012,90.4156101,23.728643885991,90.415611934401,0,1789280328320
