road_id,node_a,node_b,road_name,n_images,n_directions_merged,image_ids
387806314_4894998179,387806314,4894998179,Dilkusha Road,49,1,4055243531450339;885841954460422;1747866466431113;959935286390710;2197550500814611;1713133956411836;1757330738941481;1767815707586745;1378586634387657;1638127584333740;1820862395705391;2256048675181808;1584134216779393;1017526754727805;1583023959867733;1546921793364225;1347560213835486;826492023856119;2151621438734963;1484579516816419;1342854264589797;2265574230909143;1660862588976412;4553772188276382;1590183945918737;937420509434203;1622576642875816;1113315131127384;825806447261685;1424445636295399;1763694764538910;1427609496183168;1749310283064567;1375478317981608;38437863922495372;1532390955233123;2569780843520728;1404711365050549;1065151369577326;2125896322142640;945559457988882;2168807071179333;1116334200968560;1787737462574072;2150546789203570;1437614318230172;1623190289260664;1112663228366657;27662083296802522
387813463_387813687,387813463,387813687,unnamed road,33,1,1608264603985865;1096095209555643;1079211648183235;1391216755804393;1755666685710266;1667275688154097;2193837211557407;1873162067387065;1441904667794749;2198978431051194;38882779417979805;2168595857019988;1103539228907133;1777636703361488;2060434531307843;1436112625086534;1011416655281711;2248409319066065;1611970180549143;1043306478709896;1548910177248036;1868981314065864;1648438610035262;2279874712836866;2002040253793247;1429241119083491;2215330602729456;1479042354039154;3721488974674367;1020432561020286;1065742142865300;1640368544112488;1619789636461636
264891930_4894998175,264891930,4894998175,unnamed road,22,1,1049148171352194;1064897089736058;2174214016849536;4171148669842228;3995824384055612;3280248302178479;1380223130460104;1619046539698579;935285046316301;1271247228460067;2207869606460189;1399988931459191;2885100041849921;1124514246928722;2288844311850994;1811566356666591;2019863221987708;1477523954165837;1350968431423868;1414707965048309;1576773840856097;1077469235197150
387810560_9907465534,387810560,9907465534,Dilkusha Road,15,2,2098316654090421;1846068366825128;1851098525859382;966359659817865;1060714140281120;2142866376631778;1137042599381292;1445612207488703;1607830177505767;1131401182545012;28706259762393774;1108923688279621;1625354795717695;1400303565542189;2085505518999973
264891930_387813463,264891930,387813463,Dilkusha Road,10,2,905563169030587;1732477781390346;1640993920980918;3600889636754671;1638044284562767;989589584172000;1986288028619849;1504993134993659;1881485072815552;1128625356252516
387813463_6139734197,387813463,6139734197,Dilkusha Road,10,1,3569940429830617;896578833336209;2162493317645634;1045509678247695;2099948803970560;1614587923379813;27944479388584861;1431082915639303;987273064383457;1837636840551741
387806314_387813687,387806314,387813687,unnamed road,8,1,1470345381593053;1440733731302218;1589166012688784;1534859945354554;1082339621082471;1735271384468154;1637229724716149;1077433668236119
9907465534_9907465538,9907465534,9907465538,Dilkusha Road,4,1,28387196430913031;1786681269005403;1807377380276893;1016256651431279
264891930_9907465538,264891930,9907465538,Dilkusha Road,2,1,1089369930204909;3197995173925561
4894998175_4894998179,4894998175,4894998179,unnamed road,2,1,1072386045550484;907426575496157
