image_id,filename,latitude,longitude,captured_at,matched_edge_id,road_name,match_method
1400303565542189,1400303565542189.jpg,23.7277247,90.4172054,1789280056169,9907465534_387810560,Dilkusha Road,hmm
2085505518999973,2085505518999973.jpg,23.7277409,90.4172338,1789280060276,9907465534_387810560,Dilkusha Road,hmm
2098316654090421,2098316654090421.jpg,23.7277578,90.4172582,1789280070274,387810560_9907465534,Dilkusha Road,hmm
1846068366825128,1846068366825128.jpg,23.727754,90.4172247,1789280076258,387810560_9907465534,Dilkusha Road,hmm
1851098525859382,1851098525859382.jpg,23.7277585,90.4171868,1789280080334,387810560_9907465534,Dilkusha Road,hmm
966359659817865,966359659817865.jpg,23.7277663,90.4171545,1789280083273,387810560_9907465534,Dilkusha Road,hmm
1060714140281120,1060714140281120.jpg,23.7277747,90.4171211,1789280086249,387810560_9907465534,Dilkusha Road,hmm
2142866376631778,2142866376631778.jpg,23.7277875,90.4170858,1789280089322,387810560_9907465534,Dilkusha Road,hmm
1137042599381292,1137042599381292.jpg,23.7278042,90.4170589,1789280092263,387810560_9907465534,Dilkusha Road,hmm
1445612207488703,1445612207488703.jpg,23.7278076,90.4170198,1789280095303,387810560_9907465534,Dilkusha Road,hmm
1607830177505767,1607830177505767.jpg,23.7278149,90.4169885,1789280098244,387810560_9907465534,Dilkusha Road,hmm
1131401182545012,1131401182545012.jpg,23.7278104,90.4169554,1789280101253,387810560_9907465534,Dilkusha Road,hmm
28706259762393774,28706259762393774.jpg,23.7278335,90.4169307,1789280104325,387810560_9907465534,Dilkusha Road,hmm
1108923688279621,1108923688279621.jpg,23.7278625,90.416909,1789280107267,387810560_9907465534,Dilkusha Road,hmm
1625354795717695,1625354795717695.jpg,23.7278998,90.4169098,1789280109306,387810560_9907465534,Dilkusha Road,hmm
28387196430913031,28387196430913031.jpg,23.7279269,90.4169171,1789280110309,9907465534_9907465538,Dilkusha Road,hmm
1786681269005403,1786681269005403.jpg,23.727974,90.4169204,1789280112248,9907465534_9907465538,Dilkusha Road,hmm
1807377380276893,1807377380276893.jpg,23.7280184,90.4169195,1789280114286,9907465534_9907465538,Dilkusha Road,hmm
1016256651431279,1016256651431279.jpg,23.7280587,90.4169254,1789280116292,9907465534_9907465538,Dilkusha Road,hmm
1089369930204909,1089369930204909.jpg,23.7280896,90.4169331,1789280118299,9907465538_264891930,Dilkusha Road,hmm
3197995173925561,3197995173925561.jpg,23.7281231,90.4169144,1789280121239,9907465538_264891930,Dilkusha Road,hmm
905563169030587,905563169030587.jpg,23.7281368,90.4168885,1789280124244,264891930_387813463,Dilkusha Road,hmm
1732477781390346,1732477781390346.jpg,23.7281591,90.4168716,1789280127288,264891930_387813463,Dilkusha Road,hmm
1640993920980918,1640993920980918.jpg,23.7281848,90.4168587,1789280130329,264891930_387813463,Dilkusha Road,hmm
3600889636754671,3600889636754671.jpg,23.7282138,90.4168515,1789280134276,264891930_387813463,Dilkusha Road,hmm
1638044284562767,1638044284562767.jpg,23.7282184,90.4168224,1789280140257,387813463_264891930,,hmm
989589584172000,989589584172000.jpg,23.7281979,90.4168,1789280144333,387813463_264891930,,hmm
1986288028619849,1986288028619849.jpg,23.7281723,90.4167698,1789280148277,387813463_264891930,,hmm
1504993134993659,1504993134993659.jpg,23.7281501,90.4167369,1789280151287,387813463_264891930,,hmm
1881485072815552,1881485072815552.jpg,23.728134,90.4167094,1789280154226,387813463_264891930,,hmm
1128625356252516,1128625356252516.jpg,23.7281245,90.4166774,1789280157269,387813463_264891930,,hmm
1049148171352194,1049148171352194.jpg,23.728134,90.4166455,1789280160312,264891930_4894998175,,hmm
1064897089736058,1064897089736058.jpg,23.7281371,90.4166138,1789280163250,264891930_4894998175,,hmm
2174214016849536,2174214016849536.jpg,23.728144,90.4165695,1789280166295,264891930_4894998175,,hmm
4171148669842228,4171148669842228.jpg,23.7281489,90.4165401,1789280168229,264891930_4894998175,,hmm
3995824384055612,3995824384055612.jpg,23.7281435,90.4165033,1789280171237,264891930_4894998175,,hmm
3280248302178479,3280248302178479.jpg,23.7281172,90.4164727,1789280174249,264891930_4894998175,,hmm
1380223130460104,1380223130460104.jpg,23.7280978,90.4164372,1789280177290,264891930_4894998175,,hmm
1619046539698579,1619046539698579.jpg,23.7280816,90.4164055,1789280180234,264891930_4894998175,,hmm
935285046316301,935285046316301.jpg,23.728067,90.4163758,1789280183273,264891930_4894998175,,hmm
1271247228460067,1271247228460067.jpg,23.7280619,90.4163427,1789280186313,264891930_4894998175,,hmm
2207869606460189,2207869606460189.jpg,23.7280568,90.4163113,1789280189287,264891930_4894998175,,hmm
1399988931459191,1399988931459191.jpg,23.7280479,90.4162727,1789280192328,264891930_4894998175,,hmm
2885100041849921,2885100041849921.jpg,23.728037,90.4162384,1789280195270,264891930_4894998175,,hmm
1124514246928722,1124514246928722.jpg,23.7280284,90.4162061,1789280198276,264891930_4894998175,,hmm
2288844311850994,2288844311850994.jpg,23.7280187,90.4161721,1789280201251,264891930_4894998175,,hmm
1811566356666591,1811566356666591.jpg,23.728005,90.4161405,1789280204291,264891930_4894998175,,hmm
2019863221987708,2019863221987708.jpg,23.7279908,90.4161135,1789280208339,264891930_4894998175,,hmm
1477523954165837,1477523954165837.jpg,23.7279654,90.4160961,1789280213310,264891930_4894998175,,hmm
1350968431423868,1350968431423868.jpg,23.7279355,90.4160715,1789280217260,264891930_4894998175,,hmm
1414707965048309,1414707965048309.jpg,23.72791,90.4160583,1789280219262,264891930_4894998175,,hmm
1576773840856097,1576773840856097.jpg,23.7278801,90.4160341,1789280222306,264891930_4894998175,,hmm
1077469235197150,1077469235197150.jpg,23.7278605,90.4160077,1789280225283,264891930_4894998175,,hmm
1072386045550484,1072386045550484.jpg,23.72797,90.4157623,1789280258035,4894998175_4894998179,,hmm
907426575496157,907426575496157.jpg,23.7279544,90.4157356,1789280263315,4894998175_4894998179,,hmm
4055243531450339,4055243531450339.jpg,23.7279847,90.415717,1789280268297,4894998179_387806314,Dilkusha Road,hmm
885841954460422,885841954460422.jpg,23.7280243,90.4157251,1789280271301,4894998179_387806314,Dilkusha Road,hmm
1747866466431113,1747866466431113.jpg,23.728055,90.415714,1789280275280,4894998179_387806314,Dilkusha Road,hmm
959935286390710,959935286390710.jpg,23.7280821,90.4157013,1789280279320,4894998179_387806314,Dilkusha Road,hmm
2197550500814611,2197550500814611.jpg,23.7281096,90.4156848,1789280282230,4894998179_387806314,Dilkusha Road,hmm
1713133956411836,1713133956411836.jpg,23.7281373,90.4156734,1789280284339,4894998179_387806314,Dilkusha Road,hmm
1757330738941481,1757330738941481.jpg,23.7281683,90.4156655,1789280286276,4894998179_387806314,Dilkusha Road,hmm
1767815707586745,1767815707586745.jpg,23.7281973,90.4156573,1789280288311,4894998179_387806314,Dilkusha Road,hmm
1378586634387657,1378586634387657.jpg,23.7282349,90.4156434,1789280291256,4894998179_387806314,Dilkusha Road,hmm
1638127584333740,1638127584333740.jpg,23.7282675,90.4156391,1789280294229,4894998179_387806314,Dilkusha Road,hmm
1820862395705391,1820862395705391.jpg,23.7282965,90.4156449,1789280296269,4894998179_387806314,Dilkusha Road,hmm
2256048675181808,2256048675181808.jpg,23.7283271,90.4156506,1789280298309,4894998179_387806314,Dilkusha Road,hmm
1584134216779393,1584134216779393.jpg,23.728367,90.4156523,1789280301349,4894998179_387806314,Dilkusha Road,hmm
1017526754727805,1017526754727805.jpg,23.7283944,90.4156536,1789280303254,4894998179_387806314,Dilkusha Road,hmm
1583023959867733,1583023959867733.jpg,23.7284274,90.4156488,1789280306297,4894998179_387806314,Dilkusha Road,hmm
1546921793364225,1546921793364225.jpg,23.7284566,90.4156372,1789280310275,4894998179_387806314,Dilkusha Road,hmm
1347560213835486,1347560213835486.jpg,23.7284834,90.4156199,1789280315253,4894998179_387806314,Dilkusha Road,hmm
826492023856119,826492023856119.jpg,23.7285141,90.4156182,1789280319232,4894998179_387806314,Dilkusha Road,hmm
2151621438734963,2151621438734963.jpg,23.7285398,90.4156357,1789280322304,4894998179_387806314,Dilkusha Road,hmm
1484579516816419,1484579516816419.jpg,23.7285697,90.4156279,1789280325253,4894998179_387806314,Dilkusha Road,hmm
1342854264589797,1342854264589797.jpg,23.7286012,90.4156101,1789280328320,4894998179_387806314,Dilkusha Road,hmm
2265574230909143,2265574230909143.jpg,23.7286258,90.415593,1789280330259,4894998179_387806314,Dilkusha Road,hmm
1660862588976412,1660862588976412.jpg,23.728656,90.4155791,1789280333294,4894998179_387806314,Dilkusha Road,hmm
4553772188276382,4553772188276382.jpg,23.7286912,90.4155916,1789280336339,4894998179_387806314,Dilkusha Road,hmm
1590183945918737,1590183945918737.jpg,23.7287171,90.4156003,1789280339279,4894998179_387806314,Dilkusha Road,hmm
937420509434203,937420509434203.jpg,23.7287527,90.4156044,1789280342286,4894998179_387806314,Dilkusha Road,hmm
1622576642875816,1622576642875816.jpg,23.7287891,90.4156113,1789280345232,4894998179_387806314,Dilkusha Road,hmm
1113315131127384,1113315131127384.jpg,23.7288141,90.4156286,1789280347267,4894998179_387806314,Dilkusha Road,hmm
825806447261685,825806447261685.jpg,23.7288413,90.4156429,1789280349309,4894998179_387806314,Dilkusha Road,hmm
1424445636295399,1424445636295399.jpg,23.7288722,90.4156572,1789280352283,4894998179_387806314,Dilkusha Road,hmm
1763694764538910,1763694764538910.jpg,23.7289055,90.4156749,1789280355325,4894998179_387806314,Dilkusha Road,hmm
1427609496183168,1427609496183168.jpg,23.7289266,90.4156982,1789280358298,4894998179_387806314,Dilkusha Road,hmm
1749310283064567,1749310283064567.jpg,23.7289478,90.4157205,1789280361240,4894998179_387806314,Dilkusha Road,hmm
1375478317981608,1375478317981608.jpg,23.7289944,90.41576,1789280363276,4894998179_387806314,Dilkusha Road,hmm
38437863922495372,38437863922495372.jpg,23.7290154,90.4157795,1789280364279,4894998179_387806314,Dilkusha Road,hmm
1532390955233123,1532390955233123.jpg,23.7290499,90.4158067,1789280366317,4894998179_387806314,Dilkusha Road,hmm
2569780843520728,2569780843520728.jpg,23.7290781,90.4158165,1789280367253,4894998179_387806314,Dilkusha Road,hmm
1404711365050549,1404711365050549.jpg,23.7291252,90.4158223,1789280369294,4894998179_387806314,Dilkusha Road,hmm
1065151369577326,1065151369577326.jpg,23.7291731,90.4158295,1789280371231,4894998179_387806314,Dilkusha Road,hmm
2125896322142640,2125896322142640.jpg,23.7292021,90.4158287,1789280372268,4894998179_387806314,Dilkusha Road,hmm
945559457988882,945559457988882.jpg,23.7292492,90.4158194,1789280374341,4894998179_387806314,Dilkusha Road,hmm
2168807071179333,2168807071179333.jpg,23.7292835,90.4158135,1789280376279,4894998179_387806314,Dilkusha Road,hmm
1116334200968560,1116334200968560.jpg,23.7293003,90.4158421,1789280378285,4894998179_387806314,Dilkusha Road,hmm
1787737462574072,1787737462574072.jpg,23.7293274,90.4158668,1789280380252,4894998179_387806314,Dilkusha Road,hmm
2150546789203570,2150546789203570.jpg,23.7293424,90.4158924,1789280383333,4894998179_387806314,Dilkusha Road,hmm
1437614318230172,1437614318230172.jpg,23.7293149,90.4158826,1789280389314,4894998179_387806314,Dilkusha Road,hmm
1623190289260664,1623190289260664.jpg,23.7292934,90.4159144,1789280391253,4894998179_387806314,Dilkusha Road,hmm
1112663228366657,1112663228366657.jpg,23.729276,90.4159393,1789280392288,4894998179_387806314,Dilkusha Road,hmm
27662083296802522,27662083296802522.jpg,23.7292336,90.4159813,1789280394326,4894998179_387806314,Dilkusha Road,hmm
1470345381593053,1470345381593053.jpg,23.7292116,90.4160082,1789280395263,387806314_387813687,,hmm
1440733731302218,1440733731302218.jpg,23.7291797,90.4160503,1789280397301,387806314_387813687,,hmm
1589166012688784,1589166012688784.jpg,23.7291509,90.4160965,1789280399239,387806314_387813687,,hmm
1534859945354554,1534859945354554.jpg,23.7291183,90.416143,1789280401275,387806314_387813687,,hmm
1082339621082471,1082339621082471.jpg,23.7290972,90.4161688,1789280402281,387806314_387813687,,hmm
1735271384468154,1735271384468154.jpg,23.7290831,90.4161946,1789280403283,387806314_387813687,,hmm
1637229724716149,1637229724716149.jpg,23.7290693,90.4162425,1789280405315,387806314_387813687,,hmm
1077433668236119,1077433668236119.jpg,23.7290493,90.4162842,1789280407261,387806314_387813687,,hmm
1608264603985865,1608264603985865.jpg,23.7290224,90.4162595,1789280409299,387813687_387813463,,hmm
1096095209555643,1096095209555643.jpg,23.7289994,90.416208,1789280411235,387813687_387813463,,hmm
1079211648183235,1079211648183235.jpg,23.728979,90.4161778,1789280412275,387813687_387813463,,hmm
1391216755804393,1391216755804393.jpg,23.7289664,90.4162266,1789280415244,387813687_387813463,,hmm
1755666685710266,1755666685710266.jpg,23.7289244,90.4162206,1789280417288,387813687_387813463,,hmm
1667275688154097,1667275688154097.jpg,23.7288924,90.4162191,1789280418323,387813687_387813463,,hmm
2193837211557407,2193837211557407.jpg,23.7288564,90.4162688,1789280420263,387813687_387813463,,hmm
1873162067387065,1873162067387065.jpg,23.7288422,90.4163177,1789280422336,387813687_387813463,,hmm
1441904667794749,1441904667794749.jpg,23.7288453,90.4163484,1789280423271,387813687_387813463,,hmm
2198978431051194,2198978431051194.jpg,23.728865,90.4163795,1789280425310,387813687_387813463,,hmm
38882779417979805,38882779417979805.jpg,23.7288717,90.4164151,1789280444325,387813687_387813463,,hmm
2168595857019988,2168595857019988.jpg,23.7288831,90.4164566,1789280449074,387813687_387813463,,hmm
1103539228907133,1103539228907133.jpg,23.7288815,90.4164876,1789280453247,387813687_387813463,,hmm
1777636703361488,1777636703361488.jpg,23.7288847,90.4165292,1789280456325,387813687_387813463,,hmm
2060434531307843,2060434531307843.jpg,23.7288922,90.4165605,1789280458266,387813687_387813463,,hmm
1436112625086534,1436112625086534.jpg,23.7288787,90.4166014,1789280461308,387813687_387813463,,hmm
1011416655281711,1011416655281711.jpg,23.7288515,90.4166204,1789280463308,387813687_387813463,,hmm
2248409319066065,2248409319066065.jpg,23.7288321,90.416641,1789280465314,387813687_387813463,,hmm
1611970180549143,1611970180549143.jpg,23.7288292,90.4166788,1789280468256,387813687_387813463,,hmm
1043306478709896,1043306478709896.jpg,23.728818,90.4167113,1789280471296,387813687_387813463,,hmm
1548910177248036,1548910177248036.jpg,23.7287886,90.4167304,1789280474339,387813687_387813463,,hmm
1868981314065864,1868981314065864.jpg,23.7287607,90.4167315,1789280477278,387813687_387813463,,hmm
1648438610035262,1648438610035262.jpg,23.728727,90.4167465,1789280480288,387813687_387813463,,hmm
2279874712836866,2279874712836866.jpg,23.7287082,90.4167758,1789280482323,387813687_387813463,,hmm
2002040253793247,2002040253793247.jpg,23.7286921,90.4168087,1789280484262,387813687_387813463,,hmm
1429241119083491,1429241119083491.jpg,23.7286865,90.4168445,1789280486300,387813687_387813463,,hmm
2215330602729456,2215330602729456.jpg,23.728679,90.4168785,1789280489243,387813687_387813463,,hmm
1479042354039154,1479042354039154.jpg,23.7286737,90.4169122,1789280492318,387813687_387813463,,hmm
3721488974674367,3721488974674367.jpg,23.7286759,90.4169463,1789280496299,387813687_387813463,,hmm
1020432561020286,1020432561020286.jpg,23.728667,90.4169765,1789280501242,387813687_387813463,,hmm
1065742142865300,1065742142865300.jpg,23.7286305,90.4169962,1789280505316,387813687_387813463,,hmm
1640368544112488,1640368544112488.jpg,23.7286063,90.4170147,1789280507255,387813687_387813463,,hmm
1619789636461636,1619789636461636.jpg,23.7285797,90.417041,1789280510330,387813687_387813463,,hmm
3569940429830617,3569940429830617.jpg,23.7285736,90.4170715,1789280514273,387813463_6139734197,Dilkusha Road,hmm
896578833336209,896578833336209.jpg,23.7285999,90.4170852,1789280517315,387813463_6139734197,Dilkusha Road,hmm
2162493317645634,2162493317645634.jpg,23.7286285,90.4170915,1789280519255,387813463_6139734197,Dilkusha Road,hmm
1045509678247695,1045509678247695.jpg,23.7286574,90.4170973,1789280521295,387813463_6139734197,Dilkusha Road,hmm
2099948803970560,2099948803970560.jpg,23.7286831,90.4171113,1789280523248,387813463_6139734197,Dilkusha Road,hmm
1614587923379813,1614587923379813.jpg,23.7287132,90.4171352,1789280526307,387813463_6139734197,Dilkusha Road,hmm
27944479388584861,27944479388584861.jpg,23.7287368,90.417174,1789280529248,387813463_6139734197,Dilkusha Road,hmm
1431082915639303,1431082915639303.jpg,23.7287829,90.4171962,1789280531322,387813463_6139734197,Dilkusha Road,hmm
987273064383457,987273064383457.jpg,23.7288217,90.4172088,1789280533259,387813463_6139734197,Dilkusha Road,hmm
1837636840551741,1837636840551741.jpg,23.7288454,90.4172375,1789280536298,387813463_6139734197,Dilkusha Road,hmm
