road_id,road_name,n_images,M1_mean_rank,M2_mean_level,M3_share_worse,level_q13,level_q22,level_q25,level_q26,level_q33,level_q34,length_m_straight_line
387806314_4894998179,Dilkusha Road,49,0.7166666666666665,0.8833333333333333,1.0,1.0,1.0,1.0,1.0,2.0,4.0,138.99361518128515
387813463_6139734197,Dilkusha Road,10,0.7000000000000001,0.75,0.8333333333333334,1.0,0.0,1.0,1.0,2.0,5.0,53.599649689953175
387806314_387813687,unnamed road,8,0.6166666666666667,0.5833333333333334,0.6666666666666666,1.0,0.0,1.0,0.0,2.0,5.0,50.38362155465268
387813463_387813687,unnamed road,33,0.5833333333333333,0.6333333333333333,0.6666666666666666,1.0,0.0,2.0,0.0,2.0,4.0,87.78249097521547
4894998175_4894998179,unnamed road,2,0.5416666666666666,0.5833333333333334,0.6666666666666666,0.0,1.0,0.0,1.0,1.0,5.0,20.65840031872763
264891930_4894998175,unnamed road,22,0.5416666666666666,0.5833333333333334,0.6666666666666666,1.0,0.0,0.0,1.0,1.0,5.0,83.31273513204219
387810560_9907465534,Dilkusha Road,15,0.525,0.6,0.6666666666666666,1.0,0.0,0.0,1.0,2.0,3.0,65.03295376352267
264891930_9907465538,Dilkusha Road,2,0.4583333333333333,0.4166666666666667,0.5,1.0,0.0,0.0,0.0,1.0,5.0,10.586799655171786
9907465534_9907465538,Dilkusha Road,4,0.4583333333333333,0.4166666666666667,0.5,1.0,0.0,0.0,0.0,1.0,5.0,22.58938412268983
264891930_387813463,Dilkusha Road,10,0.35833333333333334,0.35000000000000003,0.5,1.0,0.0,0.0,0.0,1.0,3.0,64.90794392400414
