road_id,road_name,n_images,q01 Carriageway,q02 Motorcycle observed flow,q03 Bicycle observed flow,q04 Pedestrian observed flow across the road,q05 Pedestrian observed flow along the road driver-side,q06 Pedestrian observed flow along the road passenger-side,q07 Land use - driver-side,q08 Land use - passenger-side,q09 Area type,q10 Median type,q11 Centreline rumble strips,q12 Roadside severity - driver-side object,q13 Roadside severity - passenger-side object,q14 Shoulder rumble strips,q15 Paved shoulder - driver-side,q16 Paved shoulder - passenger-side,q17 Intersection type,q18 Intersection channelisation,q19 Intersection quality,q20 Property access points,q21 Number of lanes,q22 Curvature,q23 Quality of curve,q24 Grade,q25 Road condition,q26 Delineation,q27 Street lighting,q28 Pedestrian crossing facilities - inspected road,q29 Pedestrian crossing quality,q30 Pedestrian crossing facilities - intersecting road,q31 Pedestrian fencing,q32 Speed management / traffic calming,q33 Vehicle parking,q34 Sidewalk - driver-side,q35 Sidewalk - passenger-side,q36 Service road,q37 Facilities for motorised two wheelers,q38 Facilities for bicycles,q39 Roadworks,q40 School zone warning,q41 School zone crossing supervisor
264891930_387813463,Dilkusha Road,10,Undivided road,2 to 3 motorcycles,4 to 5 bicycles,6 to 7 pedestrians,2 to 3 pedestrians,2 to 3 pedestrians,Commercial,Commercial,Urban,Centre line,Not present,Rigid structure or building,Low rigid object ≥20cm high,Not present,_None_,_None_,_None_,Not present,Not applicable,Commercial access ≥1,Two,Straight or gently curving,Not applicable,0% to <7.5%,Good,Adequate,Not present,No facility,Not applicable,No facility,Present,Not present,One side,Sidewalk 0m to <1m from road,Sidewalk with barrier,Not present,_None_,_None_,No road works,Not applicable (no school at the location),Not applicable (no school at the location)
264891930_4894998175,unnamed road,22,Undivided road,_None_,4 to 5 bicycles,4 to 5 pedestrians,2 to 3 pedestrians,2 to 3 pedestrians,Commercial,Commercial,Urban,Centre line,Not present,Rigid structure or building,Low rigid object ≥20cm high,Not present,_None_,_None_,Roundabout,Not present,Poor,Commercial access ≥1,Two,Straight or gently curving,Not applicable,0% to <7.5%,Good,Poor,Not present,No facility,Not applicable,No facility,Present,Not present,One side,_None_,Sidewalk with barrier,Not present,_None_,_None_,No road works,Not applicable (no school at the location),Not applicable (no school at the location)
264891930_9907465538,Dilkusha Road,2,Carriageway A of a divided road,1 motorcycle,_None_,1 pedestrian,_None_,_None_,Commercial,Commercial,Urban,Physical median width 1 to <5m,Not present,Tree ≥10cm,Rigid structure or building,Not present,_None_,_None_,_None_,Not present,Not applicable,Commercial access ≥1,Two,Straight or gently curving,Not applicable,0% to <7.5%,Good,Adequate,Not present,No facility,Not applicable,No facility,Present,Not present,One side,_None_,_None_,Not present,_None_,_None_,No road works,Not applicable (no school at the location),Not applicable (no school at the location)
387806314_387813687,unnamed road,8,Undivided road,_None_,_None_,1 pedestrian,4 to 5 pedestrians,2 to 3 pedestrians,Commercial,Commercial,Urban,UNCLASSIFIABLE,Not present,Rigid structure or building,Rigid structure or building,Not present,_None_,_None_,_None_,Not present,Not applicable,Commercial access ≥1,Two,Straight or gently curving,Not applicable,0% to <7.5%,Medium,Adequate,Not present,No facility,Not applicable,No facility,Not present,Not present,Two side,_None_,_None_,Not present,_None_,_None_,No road works,Not applicable (no school at the location),Not applicable (no school at the location)
387806314_4894998179,Dilkusha Road,49,Undivided road,_None_,1 bicycle,4 to 5 pedestrians,2 to 3 pedestrians,2 to 3 pedestrians,Commercial,Commercial,Urban,UNCLASSIFIABLE,Not present,Tree ≥10cm,Rigid structure or building,Not present,_None_,_None_,_None_,Not present,Not applicable,Commercial access ≥1,Two,Moderate,Poor,0% to <7.5%,Medium,Poor,Not present,No facility,Not applicable,No facility,Not present,Not present,Two side,Informal path ≥1m,Informal path ≥1m,Not present,_None_,_None_,No road works,Not applicable (no school at the location),Not applicable (no school at the location)
387810560_9907465534,Dilkusha Road,15,Undivided road,2 to 3 motorcycles,6 to 7 bicycles,4 to 5 pedestrians,2 to 3 pedestrians,2 to 3 pedestrians,Commercial,Commercial,Urban,UNCLASSIFIABLE,Not present,Rigid structure or building,Rigid structure or building,Not present,_None_,_None_,Roundabout,Not present,Poor,Commercial access ≥1,Two,Straight or gently curving,Not applicable,0% to <7.5%,Good,Poor,Present,No facility,Not applicable,No facility,Not present,Not present,Two side,Sidewalk 0m to <1m from road,_None_,Not present,_None_,_None_,No road works,Not applicable (no school at the location),Not applicable (no school at the location)
387813463_387813687,unnamed road,33,Undivided road,_None_,_None_,4 to 5 pedestrians,2 to 3 pedestrians,2 to 3 pedestrians,Commercial,Commercial,Urban,Physical median width 1 to <5m,Not present,Rigid structure or building,Rigid structure or building,Not present,_None_,_None_,_None_,Not present,Not applicable,Commercial access ≥1,Two,Straight or gently curving,Not applicable,0% to <7.5%,Poor,Adequate,Not present,No facility,Not applicable,No facility,Not present,Not present,Two side,Informal path ≥1m,Informal path ≥1m,Not present,_None_,_None_,No road works,Not applicable (no school at the location),Not applicable (no school at the location)
387813463_6139734197,Dilkusha Road,10,Undivided road,4 to 5 motorcycles,4 to 5 bicycles,4 to 5 pedestrians,2 to 3 pedestrians,2 to 3 pedestrians,Commercial,Commercial,Urban,UNCLASSIFIABLE,Not present,Low rigid object ≥20cm high,Rigid structure or building,Not present,_None_,_None_,4-leg (signalised) with no protected turn lane,Not present,Poor,Commercial access ≥1,Three,Straight or gently curving,Not applicable,0% to <7.5%,Medium,Poor,Not present,No facility,Not applicable,No facility,Not present,Not present,Two side,_None_,Sidewalk 0m to <1m from road,Not present,_None_,_None_,No road works,Not applicable (no school at the location),Not applicable (no school at the location)
4894998175_4894998179,unnamed road,2,Undivided road,2 to 3 motorcycles,2 to 3 bicycles,6 to 7 pedestrians,2 to 3 pedestrians,2 to 3 pedestrians,Commercial,Commercial,Urban,UNCLASSIFIABLE,Not present,Low rigid object ≥20cm high,No object,Not present,_None_,_None_,Roundabout,Not present,Poor,Commercial access ≥1,Four or more,Moderate,Adequate,0% to <7.5%,Good,Poor,Present,No facility,Not applicable,No facility,Present,Not present,One side,_None_,_None_,Not present,_None_,_None_,No road works,Not applicable (no school at the location),Not applicable (no school at the location)
9907465534_9907465538,Dilkusha Road,4,Carriageway A of a divided road,2 to 3 motorcycles,_None_,2 to 3 pedestrians,1 pedestrian,1 pedestrian,Commercial,Commercial,Urban,Physical median width 1 to <5m,Not present,Tree ≥10cm,Low rigid object ≥20cm high,Not present,_None_,_None_,_None_,Not present,Not applicable,Commercial access ≥1,Two,Straight or gently curving,Not applicable,0% to <7.5%,Good,Adequate,Not present,No facility,Not applicable,No facility,Present,Not present,One side,_None_,Sidewalk 0m to <1m from road,Not present,_None_,_None_,No road works,Not applicable (no school at the location),Not applicable (no school at the location)
