q_id,col_id,attribute,num_classes,status,question,class_labels
1,M,Carriageway,5,defined,"Based only on what is visible in this road image, what is the Carriageway?",1=Carriageway A of a divided road | 2=Carriageway B of a divided road | 3=Undivided road | 4=Carriageway A of a motorcycle facility | 5=Carriageway B of a motorcycle facility
2,O,Motorcycle observed flow,6,defined,"Based only on what is visible in this road image, what is the Motorcycle observed flow?",6=8+ motorcycles | 5=6 to 7 motorcycles | 4=4 to 5 motorcycles | 3=2 to 3 motorcycles | 2=1 motorcycle | 1=_None_
3,P,Bicycle observed flow,6,defined,"Based only on what is visible in this road image, what is the Bicycle observed flow?",6=8+ bicycles | 5=6 to 7 bicycles | 4=4 to 5 bicycles | 3=2 to 3 bicycles | 2=1 bicycle | 1=_None_
4,Q,Pedestrian observed flow across the road,6,defined,"Based only on what is visible in this road image, what is the Pedestrian observed flow across the road?",6=8+ pedestrians | 5=6 to 7 pedestrians | 4=4 to 5 pedestrians | 3=2 to 3 pedestrians | 2=1 pedestrian | 1=_None_
5,R,Pedestrian observed flow along the road driver-side,6,defined,"Based only on what is visible in this road image, what is the Pedestrian observed flow along the road driver-side?",6=8+ pedestrians | 5=6 to 7 pedestrians | 4=4 to 5 pedestrians | 3=2 to 3 pedestrians | 2=1 pedestrian | 1=_None_
6,S,Pedestrian observed flow along the road passenger-side,6,defined,"Based only on what is visible in this road image, what is the Pedestrian observed flow along the road passenger-side?",6=8+ pedestrians | 5=6 to 7 pedestrians | 4=4 to 5 pedestrians | 3=2 to 3 pedestrians | 2=1 pedestrian | 1=_None_
7,T,Land use - driver-side,7,defined,"Based only on what is visible in this road image, what is the Land use - driver-side?",6=Educational | 4=Commercial | 7=Industrial and manufacturing | 3=Residential | 2=Farming and agricultural | 1=Undeveloped areas | 5=Not Recorded
8,U,Land use - passenger-side,7,defined,"Based only on what is visible in this road image, what is the Land use - passenger-side?",6=Educational | 4=Commercial | 7=Industrial and manufacturing | 3=Residential | 2=Farming and agricultural | 1=Undeveloped areas | 5=Not Recorded
9,V,Area type,2,defined,"Based only on what is visible in this road image, what is the Area type?",2=Urban | 1=Rural
10,AA,Median type,15,defined,"Based only on what is visible in this road image, what is the Median type?",11=Centre line | 14=Wide centre line 0.3m to 1m | 10=Central hatching >1m | 8=Continuous central turning lane | 9=Flexible posts | 7=Physical median width 0 to <1m | 6=Physical median width 1 to <5m | 5=Physical median width 5 to <10m | 2=Safety barrier - concrete | 1=Safety barrier - metal | 12=Safety barrier - motorcycle friendly | 15=Safety barrier - wire rope | 4=Physical median width 10 to <20m | 3=Physical median width ≥20m | 13=One way
11,AB,Centreline rumble strips,2,defined,"Based only on what is visible in this road image, what is the Centreline rumble strips?",1=Not present | 2=Present
12,AD,Roadside severity - driver-side object,17,defined,"Based only on what is visible in this road image, what is the Roadside severity - driver-side object?","10=Cliff | 11=Tree ≥10cm | 12=Rigid sign, post or pole ≥10cm | 15=Unprotected safety barrier end | 5=Aggressive vertical face | 6=Upwards slope - roll over | 8=Deep drainage ditch | 9=Downwards slope | 16=Low rigid object ≥20cm high | 13=Rigid structure or building | 7=Upwards slope - no roll over | 14=Semi-rigid structure or building | 2=Safety barrier - concrete | 1=Safety barrier - metal | 4=Safety barrier - wire rope | 3=Safety barrier - motorcycle friendly | 17=No object"
13,AF,Roadside severity - passenger-side object,17,defined,"Based only on what is visible in this road image, what is the Roadside severity - passenger-side object?","10=Cliff | 11=Tree ≥10cm | 12=Rigid sign, post or pole ≥10cm | 15=Unprotected safety barrier end | 5=Aggressive vertical face | 6=Upwards slope - roll over | 8=Deep drainage ditch | 9=Downwards slope | 16=Low rigid object ≥20cm high | 13=Rigid structure or building | 7=Upwards slope - no roll over | 14=Semi-rigid structure or building | 2=Safety barrier - concrete | 1=Safety barrier - metal | 4=Safety barrier - wire rope | 3=Safety barrier - motorcycle friendly | 17=No object"
14,AG,Shoulder rumble strips,2,defined,"Based only on what is visible in this road image, what is the Shoulder rumble strips?",1=Not present | 2=Present
15,AH,Paved shoulder - driver-side,4,defined,"Based only on what is visible in this road image, what is the Paved shoulder - driver-side?",4=_None_ | 3=Narrow 0m to <1m | 2=Medium 1m to <2.4m | 1=Wide ≥2.4m
16,AI,Paved shoulder - passenger-side,4,defined,"Based only on what is visible in this road image, what is the Paved shoulder - passenger-side?",4=_None_ | 3=Narrow 0m to <1m | 2=Medium 1m to <2.4m | 1=Wide ≥2.4m
17,AJ,Intersection type,16,defined,"Based only on what is visible in this road image, what is the Intersection type?",8=4-leg (unsignalised) with no protected turn lane | 7=4-leg (unsignalised) with protected turn lane | 10=4-leg (signalised) with no protected turn lane | 4=3-leg (unsignalised) with no protected turn lane | 3=3-leg (unsignalised) with protected turn lane | 17=Mini roundabout | 6=3-leg (signalised) with no protected turn lane | 9=4-leg (signalised) with protected turn lane | 5=3-leg (signalised) with protected turn lane | 2=Roundabout | 13=Railway Crossing - passive | 1=Merge lane | 14=Railway Crossing - active | 15=Median crossing point - informal | 16=Median crossing point - formal | 12=_None_
18,AK,Intersection channelisation,2,defined,"Based only on what is visible in this road image, what is the Intersection channelisation?",1=Not present | 2=Present
19,AM,Intersection quality,3,defined,"Based only on what is visible in this road image, what is the Intersection quality?",2=Poor | 1=Adequate | 3=Not applicable
20,AN,Property access points,4,defined,"Based only on what is visible in this road image, what is the Property access points?",1=Commercial access ≥1 | 2=Residential access ≥3 | 3=Residential access <3 | 4=_None_
21,AO,Number of lanes,6,defined,"Based only on what is visible in this road image, what is the Number of lanes?",4=Four or more | 3=Three | 6=Three and two | 2=Two | 5=Two and one | 1=One
22,AQ,Curvature,4,defined,"Based only on what is visible in this road image, what is the Curvature?",4=Very sharp | 3=Sharp | 2=Moderate | 1=Straight or gently curving
23,AR,Quality of curve,3,defined,"Based only on what is visible in this road image, what is the Quality of curve?",2=Poor | 3=Not applicable | 1=Adequate
24,AS,Grade,3,defined,"Based only on what is visible in this road image, what is the Grade?",5=≥10% | 4=7.5% to <10% | 1=0% to <7.5%
25,AT,Road condition,3,defined,"Based only on what is visible in this road image, what is the Road condition?",3=Poor | 2=Medium | 1=Good
26,AV,Delineation,2,defined,"Based only on what is visible in this road image, what is the Delineation?",2=Poor | 1=Adequate
27,AW,Street lighting,2,defined,"Based only on what is visible in this road image, what is the Street lighting?",1=Not present | 2=Present
28,AX,Pedestrian crossing facilities - inspected road,11,defined,"Based only on what is visible in this road image, what is the Pedestrian crossing facilities - inspected road?",7=No facility | 6=Refuge only | 5=Marked crossing only | 17=Raised unmarked crossing | 4=Marked crossing with refuge | 16=Raised unmarked crossing with refuge | 15=Raised marked crossing | 14=Raised marked crossing with refuge | 3=Signalised crossing | 2=Signalised crossing with refuge | 1=Grade separated facility
29,AY,Pedestrian crossing quality,3,defined,"Based only on what is visible in this road image, what is the Pedestrian crossing quality?",2=Poor | 1=Adequate | 3=Not applicable
30,AZ,Pedestrian crossing facilities - intersecting road,11,defined,"Based only on what is visible in this road image, what is the Pedestrian crossing facilities - intersecting road?",7=No facility | 6=Refuge only | 5=Marked crossing only | 17=Raised unmarked crossing | 4=Marked crossing with refuge | 16=Raised unmarked crossing with refuge | 15=Raised marked crossing | 14=Raised marked crossing with refuge | 3=Signalised crossing | 2=Signalised crossing with refuge | 1=Grade separated facility
31,BA,Pedestrian fencing,2,defined,"Based only on what is visible in this road image, what is the Pedestrian fencing?",1=Not present | 2=Present
32,BB,Speed management / traffic calming,2,defined,"Based only on what is visible in this road image, what is the Speed management / traffic calming?",2=Present | 1=Not present
33,BC,Vehicle parking,3,defined,"Based only on what is visible in this road image, what is the Vehicle parking?",3=Two side | 2=One side | 1=_None_
34,BD,Sidewalk - driver-side,7,defined,"Based only on what is visible in this road image, what is the Sidewalk - driver-side?",5=_None_ | 7=Informal path 0m to <1m | 6=Informal path ≥1m | 4=Sidewalk 0m to <1m from road | 3=Sidewalk 1m to <3m from road | 2=Sidewalk ≥3m from road | 1=Sidewalk with barrier
35,BE,Sidewalk - passenger-side,7,defined,"Based only on what is visible in this road image, what is the Sidewalk - passenger-side?",5=_None_ | 7=Informal path 0m to <1m | 6=Informal path ≥1m | 4=Sidewalk 0m to <1m from road | 3=Sidewalk 1m to <3m from road | 2=Sidewalk ≥3m from road | 1=Sidewalk with barrier
36,BF,Service road,2,defined,"Based only on what is visible in this road image, what is the Service road?",1=Not present | 2=Present
37,BG,Facilities for motorised two wheelers,6,defined,"Based only on what is visible in this road image, what is the Facilities for motorised two wheelers?",6=_None_ | 5=Dedicated motorcyclist lane on roadway | 2=Segregated one-way motorcycle path without barrier | 4=Segregated two-way motorcycle path with barrier | 3=Segregated two-way motorcycle path with barrier | 1=Segregated one-way motorcycle path with barrier
38,BH,Facilities for bicycles,7,defined,"Based only on what is visible in this road image, what is the Facilities for bicycles?",4=_None_ | 6=Signed shared roadway | 5=Extra wide outside ≥4.2m | 3=Dedicated bicycle lane on roadway | 7=Shared use path | 2=Segregated bicycle path | 1=Segregated bicycle path with barrier
39,BI,Roadworks,3,defined,"Based only on what is visible in this road image, what is the Roadworks?",3=Major road works | 2=Minor road works | 1=No road works
40,BY,School zone warning,4,defined,"Based only on what is visible in this road image, what is the School zone warning?",3=No school zone warning (school present) | 2=School zone static signs or road markings | 1=School zone flashing beacons | 4=Not applicable (no school at the location)
41,BZ,School zone crossing supervisor,3,defined,"Based only on what is visible in this road image, what is the School zone crossing supervisor?",2=School zone crossing supervisor not present | 1=School zone crossing supervisor present at school start and finish times | 3=Not applicable (no school at the location)
42,,Upgrade cost,3,needs_definition,"Based only on what is visible in this road image, what is the Upgrade cost?","[undefined — observed codes: 1, 2, 3]"
43,,Speed limit,3,needs_definition,"Based only on what is visible in this road image, what is the Speed limit?","[undefined — observed codes: 11, 13, 19]"
44,,Motorcycle speed limit,2,needs_definition,"Based only on what is visible in this road image, what is the Motorcycle speed limit?","[undefined — observed codes: 11, 13]"
45,,Truck speed limit,2,needs_definition,"Based only on what is visible in this road image, what is the Truck speed limit?","[undefined — observed codes: 7, 11]"
46,,Differential speed limits,2,needs_definition,"Based only on what is visible in this road image, what is the Differential speed limits?","[undefined — observed codes: 1, 2]"
47,,Roadside severity - driver-side distance,2,needs_definition,"Based only on what is visible in this road image, what is the Roadside severity - driver-side distance?","[undefined — observed codes: 1, 2]"
48,,Roadside severity - passenger-side distance,4,needs_definition,"Based only on what is visible in this road image, what is the Roadside severity - passenger-side distance?","[undefined — observed codes: 1, 2, 3, 4]"
49,,Intersecting road volume,4,needs_definition,"Based only on what is visible in this road image, what is the Intersecting road volume?","[undefined — observed codes: 4, 5, 6, 7]"
50,,Lane width,1,needs_definition,"Based only on what is visible in this road image, what is the Lane width?",[undefined — observed codes: 1]
51,,Skid resistance / grip,2,needs_definition,"Based only on what is visible in this road image, what is the Skid resistance / grip?","[undefined — observed codes: 1, 2]"
52,,Sight distance,1,needs_definition,"Based only on what is visible in this road image, what is the Sight distance?",[undefined — observed codes: 1]
